negotiation_id,cycle,retailer,supplier,total_messages,total_rounds,Common Knowledge,Loss Aversion,Bounded Rationality,Schelling Points,total_constructs
N001,1,Retailer1,Supplier1,6,3,1,3,2,2,8
N002,1,Retailer1,Supplier2,10,5,2,2,2,2,8
N003,1,Retailer1,Supplier3,8,4,2,2,2,2,8
N004,1,Retailer2,Supplier1,6,3,2,3,2,2,9
N005,1,Retailer2,Supplier2,6,3,2,2,2,2,8
N006,1,Retailer2,Supplier3,8,4,1,2,1,1,5
N007,1,Retailer3,Supplier1,6,3,2,2,2,1,7
N008,1,Retailer3,Supplier2,8,4,2,2,2,2,8
N009,1,Retailer3,Supplier3,6,3,2,2,2,2,8
N010,1,Retailer4,Supplier1,6,3,1,2,2,1,6
N011,1,Retailer4,Supplier2,10,5,2,2,2,2,8
N012,1,Retailer4,Supplier3,8,4,2,3,2,2,9
N013,1,Retailer5,Supplier1,4,2,2,2,2,2,8
N014,1,Retailer5,Supplier2,8,4,2,2,2,2,8
N015,1,Retailer5,Supplier3,4,2,2,2,2,2,8
N016,1,Retailer6,Supplier1,4,2,3,2,2,2,9
N017,1,Retailer6,Supplier2,8,4,3,2,3,2,10
N018,1,Retailer6,Supplier3,6,3,2,2,2,2,8
N019,1,Retailer7,Supplier1,4,2,2,2,2,2,8
N020,1,Retailer7,Supplier2,4,2,1,2,2,2,7
N021,1,Retailer7,Supplier3,8,4,2,2,2,2,8
N022,1,Retailer8,Supplier1,4,2,2,2,2,2,8
N023,1,Retailer8,Supplier2,8,4,2,2,2,2,8
N024,1,Retailer8,Supplier3,6,3,2,2,2,2,8
N025,1,Retailer9,Supplier1,4,2,2,2,2,2,8
N026,1,Retailer9,Supplier2,6,3,2,2,2,2,8
N027,1,Retailer9,Supplier3,6,3,2,2,2,1,7
N028,1,Retailer10,Supplier1,4,2,1,2,2,1,6
N029,1,Retailer10,Supplier2,8,4,2,2,2,2,8
N030,1,Retailer10,Supplier3,6,3,2,2,2,2,8
N031,2,Retailer1,Supplier1,6,3,3,2,3,2,10
N032,2,Retailer1,Supplier2,8,4,2,2,2,2,8
N033,2,Retailer1,Supplier3,6,3,2,2,2,2,8
N034,2,Retailer2,Supplier1,6,3,1,4,1,2,8
N035,2,Retailer2,Supplier2,8,4,2,2,2,2,8
N036,2,Retailer2,Supplier3,10,5,2,2,2,2,8
N037,2,Retailer3,Supplier1,6,3,2,2,3,2,9
N038,2,Retailer3,Supplier2,6,3,1,2,2,2,7
N039,2,Retailer3,Supplier3,10,5,2,3,2,2,9
N040,2,Retailer4,Supplier1,6,3,3,3,3,3,12
N041,2,Retailer4,Supplier2,4,2,3,2,3,2,10
N042,2,Retailer4,Supplier3,10,5,2,3,3,2,10
N043,2,Retailer5,Supplier1,6,3,3,3,3,2,11
N044,2,Retailer5,Supplier2,6,3,2,2,2,2,8
N045,2,Retailer5,Supplier3,8,4,2,2,2,2,8
N046,2,Retailer6,Supplier1,4,2,2,2,2,1,7
N047,2,Retailer6,Supplier2,6,3,1,2,2,2,7
N048,2,Retailer6,Supplier3,6,3,2,2,2,2,8
N049,2,Retailer7,Supplier1,4,2,1,2,1,1,5
N050,2,Retailer7,Supplier2,6,3,1,2,2,2,7
N051,2,Retailer7,Supplier3,6,3,1,2,2,2,7
N052,2,Retailer8,Supplier1,6,3,2,2,2,1,7
N053,2,Retailer8,Supplier2,6,3,2,2,2,2,8
N054,2,Retailer8,Supplier3,6,3,2,2,2,2,8
N055,2,Retailer9,Supplier1,4,2,1,2,2,1,6
N056,2,Retailer9,Supplier2,4,2,2,2,2,2,8
N057,2,Retailer9,Supplier3,8,4,1,3,3,2,9
N058,2,Retailer10,Supplier1,4,2,2,2,2,2,8
N059,2,Retailer10,Supplier2,4,2,1,2,1,1,5
N060,2,Retailer10,Supplier3,8,4,2,2,2,2,8
N061,3,Retailer1,Supplier1,6,3,3,2,3,2,10
N062,3,Retailer1,Supplier2,10,5,1,2,2,2,7
N063,3,Retailer1,Supplier3,10,5,3,3,3,3,12
N064,3,Retailer2,Supplier1,8,4,1,2,2,2,7
N065,3,Retailer2,Supplier2,8,4,2,2,2,2,8
N066,3,Retailer2,Supplier3,10,5,2,2,2,2,8
N067,3,Retailer3,Supplier1,8,4,2,2,2,2,8
N068,3,Retailer3,Supplier2,8,4,2,2,2,2,8
N069,3,Retailer3,Supplier3,10,5,2,2,2,2,8
N070,3,Retailer4,Supplier1,6,3,2,3,2,2,9
N071,3,Retailer4,Supplier2,6,3,1,2,2,2,7
N072,3,Retailer4,Supplier3,6,3,2,2,2,2,8
N073,3,Retailer5,Supplier1,6,3,2,2,2,2,8
N074,3,Retailer5,Supplier2,8,4,2,2,2,2,8
N075,3,Retailer5,Supplier3,10,5,2,3,3,2,10
N076,3,Retailer6,Supplier1,6,3,2,2,2,2,8
N077,3,Retailer6,Supplier2,6,3,2,2,2,2,8
N078,3,Retailer6,Supplier3,10,5,2,2,2,2,8
N079,3,Retailer7,Supplier1,6,3,2,3,3,3,11
N080,3,Retailer7,Supplier2,8,4,2,3,3,3,11
N081,3,Retailer7,Supplier3,6,3,2,2,2,2,8
N082,3,Retailer8,Supplier1,6,3,2,2,2,2,8
N083,3,Retailer8,Supplier2,6,3,2,2,2,2,8
N084,3,Retailer8,Supplier3,8,4,2,2,2,2,8
N085,3,Retailer9,Supplier1,6,3,2,3,3,2,10
N086,3,Retailer9,Supplier2,6,3,1,2,1,2,6
N087,3,Retailer9,Supplier3,8,4,1,3,2,2,8
N088,3,Retailer10,Supplier1,6,3,2,2,2,2,8
N089,3,Retailer10,Supplier2,4,2,2,2,2,2,8
N090,3,Retailer10,Supplier3,8,4,2,2,2,2,8
N091,4,Retailer1,Supplier1,6,3,1,2,1,1,5
N092,4,Retailer1,Supplier2,6,3,2,2,2,2,8
N093,4,Retailer1,Supplier3,20,10,2,2,2,2,8
N094,4,Retailer2,Supplier1,6,3,2,2,2,2,8
N095,4,Retailer2,Supplier2,6,3,3,2,3,3,11
N096,4,Retailer2,Supplier3,12,6,2,2,2,2,8
N097,4,Retailer3,Supplier1,6,3,1,2,2,2,7
N098,4,Retailer3,Supplier2,6,3,2,2,2,2,8
N099,4,Retailer3,Supplier3,10,5,3,3,3,3,12
N100,4,Retailer4,Supplier1,6,3,2,1,2,1,6
N101,4,Retailer4,Supplier2,6,3,2,2,2,2,8
N102,4,Retailer4,Supplier3,6,3,1,2,2,2,7
N103,4,Retailer5,Supplier1,6,3,1,2,1,2,6
N104,4,Retailer5,Supplier2,6,3,1,2,2,1,6
N105,4,Retailer5,Supplier3,8,4,1,3,1,3,8
N106,4,Retailer6,Supplier1,6,3,2,2,2,2,8
N107,4,Retailer6,Supplier2,6,3,2,2,2,2,8
N108,4,Retailer6,Supplier3,8,4,2,3,3,2,10
N109,4,Retailer7,Supplier1,6,3,1,2,2,1,6
N110,4,Retailer7,Supplier2,6,3,2,2,2,2,8
N111,4,Retailer7,Supplier3,14,7,2,2,2,2,8
N112,4,Retailer8,Supplier1,6,3,1,2,2,2,7
N113,4,Retailer8,Supplier2,6,3,2,2,2,2,8
N114,4,Retailer8,Supplier3,6,3,2,2,2,2,8
N115,4,Retailer9,Supplier1,6,3,2,2,2,2,8
N116,4,Retailer9,Supplier2,4,2,1,2,1,1,5
N117,4,Retailer9,Supplier3,10,5,2,3,3,3,11
N118,4,Retailer10,Supplier1,6,3,2,2,2,2,8
N119,4,Retailer10,Supplier2,4,2,1,2,2,2,7
N120,4,Retailer10,Supplier3,4,2,1,1,1,1,4
N121,5,Retailer1,Supplier1,10,5,3,2,2,2,9
N122,5,Retailer1,Supplier2,10,5,3,3,3,3,12
N123,5,Retailer1,Supplier3,8,4,1,2,2,2,7
N124,5,Retailer2,Supplier1,10,5,2,3,2,2,9
N125,5,Retailer2,Supplier2,8,4,3,2,2,2,9
N126,5,Retailer2,Supplier3,8,4,2,2,2,2,8
N127,5,Retailer3,Supplier1,6,3,2,2,2,2,8
N128,5,Retailer3,Supplier2,10,5,2,2,2,2,8
N129,5,Retailer3,Supplier3,8,4,3,3,3,3,12
N130,5,Retailer4,Supplier1,10,5,3,1,2,1,7
N131,5,Retailer4,Supplier2,10,5,1,2,2,2,7
N132,5,Retailer4,Supplier3,6,3,3,3,3,3,12
N133,5,Retailer5,Supplier1,4,2,1,3,2,1,7
N134,5,Retailer5,Supplier2,10,5,3,3,3,2,11
N135,5,Retailer5,Supplier3,4,2,1,2,1,1,5
N136,5,Retailer6,Supplier1,4,2,1,2,2,1,6
N137,5,Retailer6,Supplier2,6,3,2,2,2,2,8
N138,5,Retailer6,Supplier3,6,3,2,2,2,2,8
N139,5,Retailer7,Supplier1,8,4,2,2,2,2,8
N140,5,Retailer7,Supplier2,8,4,4,3,3,2,12
N141,5,Retailer7,Supplier3,6,3,2,3,3,2,10
N142,5,Retailer8,Supplier1,4,2,1,2,1,1,5
N143,5,Retailer8,Supplier2,6,3,1,2,1,2,6
N144,5,Retailer8,Supplier3,6,3,3,3,3,2,11
N145,5,Retailer9,Supplier1,8,4,2,2,2,2,8
N146,5,Retailer9,Supplier2,6,3,1,2,1,2,6
N147,5,Retailer9,Supplier3,6,3,2,2,2,2,8
N148,5,Retailer10,Supplier1,8,4,2,2,2,2,8
N149,5,Retailer10,Supplier2,6,3,1,2,1,1,5
N150,5,Retailer10,Supplier3,6,3,2,2,2,2,8
N151,6,Retailer1,Supplier1,12,6,2,2,2,2,8
N152,6,Retailer1,Supplier2,10,5,2,2,2,2,8
N153,6,Retailer1,Supplier3,10,5,2,2,2,2,8
N154,6,Retailer2,Supplier1,6,3,2,2,2,2,8
N155,6,Retailer2,Supplier2,10,5,3,2,3,2,10
N156,6,Retailer2,Supplier3,10,5,2,2,1,2,7
N157,6,Retailer3,Supplier1,12,6,2,2,2,2,8
N158,6,Retailer3,Supplier2,10,5,2,3,2,2,9
N159,6,Retailer3,Supplier3,10,5,2,3,3,2,10
N160,6,Retailer4,Supplier1,6,3,1,2,2,2,7
N161,6,Retailer4,Supplier2,6,3,2,2,2,2,8
N162,6,Retailer4,Supplier3,8,4,2,2,2,2,8
N163,6,Retailer5,Supplier1,8,4,3,3,3,3,12
N164,6,Retailer5,Supplier2,6,3,2,2,2,2,8
N165,6,Retailer5,Supplier3,10,5,2,3,2,2,9
N166,6,Retailer6,Supplier1,10,5,1,2,2,2,7
N167,6,Retailer6,Supplier2,8,4,2,2,2,2,8
N168,6,Retailer6,Supplier3,10,5,2,2,2,2,8
N169,6,Retailer7,Supplier1,10,5,2,2,2,2,8
N170,6,Retailer7,Supplier2,8,4,2,3,2,2,9
N171,6,Retailer7,Supplier3,6,3,2,2,2,1,7
N172,6,Retailer8,Supplier1,10,5,3,3,3,3,12
N173,6,Retailer8,Supplier2,6,3,2,2,2,2,8
N174,6,Retailer8,Supplier3,4,2,1,2,2,1,6
N175,6,Retailer9,Supplier1,10,5,1,3,3,2,9
N176,6,Retailer9,Supplier2,8,4,2,3,3,3,11
N177,6,Retailer9,Supplier3,6,3,2,2,3,2,9
N178,6,Retailer10,Supplier1,6,3,1,2,2,2,7
N179,6,Retailer10,Supplier2,8,4,2,3,2,2,9
N180,6,Retailer10,Supplier3,8,4,1,2,1,2,6
N181,7,Retailer1,Supplier1,6,3,2,2,2,2,8
N182,7,Retailer1,Supplier2,8,4,1,2,2,2,7
N183,7,Retailer1,Supplier3,6,3,2,2,2,2,8
N184,7,Retailer2,Supplier1,6,3,2,2,2,2,8
N185,7,Retailer2,Supplier2,6,3,2,2,2,2,8
N186,7,Retailer2,Supplier3,6,3,2,2,2,2,8
N187,7,Retailer3,Supplier1,6,3,2,2,2,2,8
N188,7,Retailer3,Supplier2,8,4,3,3,3,3,12
N189,7,Retailer3,Supplier3,8,4,3,3,3,3,12
N190,7,Retailer4,Supplier1,6,3,2,2,2,2,8
N191,7,Retailer4,Supplier2,6,3,2,2,2,2,8
N192,7,Retailer4,Supplier3,4,2,1,2,2,1,6
N193,7,Retailer5,Supplier1,6,3,1,2,2,2,7
N194,7,Retailer5,Supplier2,8,4,2,2,2,2,8
N195,7,Retailer5,Supplier3,8,4,2,2,2,2,8
N196,7,Retailer6,Supplier1,6,3,2,2,2,2,8
N197,7,Retailer6,Supplier2,6,3,3,3,3,2,11
N198,7,Retailer6,Supplier3,8,4,2,2,2,2,8
N199,7,Retailer7,Supplier1,6,3,2,2,2,2,8
N200,7,Retailer7,Supplier2,6,3,1,2,2,2,7
N201,7,Retailer7,Supplier3,8,4,2,2,2,2,8
N202,7,Retailer8,Supplier1,6,3,2,2,2,2,8
N203,7,Retailer8,Supplier2,6,3,2,2,2,2,8
N204,7,Retailer8,Supplier3,8,4,2,2,2,2,8
N205,7,Retailer9,Supplier1,6,3,2,2,2,2,8
N206,7,Retailer9,Supplier2,6,3,2,2,2,2,8
N207,7,Retailer9,Supplier3,8,4,2,2,2,2,8
N208,7,Retailer10,Supplier1,6,3,2,2,2,2,8
N209,7,Retailer10,Supplier2,4,2,2,2,2,2,8
N210,7,Retailer10,Supplier3,8,4,2,2,2,2,8
N211,8,Retailer1,Supplier1,8,4,2,2,2,2,8
N212,8,Retailer1,Supplier2,10,5,2,2,2,2,8
N213,8,Retailer1,Supplier3,6,3,2,2,2,2,8
N214,8,Retailer2,Supplier1,8,4,2,2,2,2,8
N215,8,Retailer2,Supplier2,6,3,2,2,2,2,8
N216,8,Retailer2,Supplier3,6,3,2,2,2,2,8
N217,8,Retailer3,Supplier1,6,3,2,2,2,2,8
N218,8,Retailer3,Supplier2,6,3,2,2,2,2,8
N219,8,Retailer3,Supplier3,6,3,2,2,2,2,8
N220,8,Retailer4,Supplier1,6,3,2,2,2,2,8
N221,8,Retailer4,Supplier2,12,6,3,3,3,3,12
N222,8,Retailer4,Supplier3,6,3,2,3,2,2,9
N223,8,Retailer5,Supplier1,6,3,2,2,2,2,8
N224,8,Retailer5,Supplier2,6,3,2,2,2,2,8
N225,8,Retailer5,Supplier3,6,3,1,2,1,2,6
N226,8,Retailer6,Supplier1,8,4,1,2,2,2,7
N227,8,Retailer6,Supplier2,8,4,2,2,2,2,8
N228,8,Retailer6,Supplier3,6,3,2,2,2,2,8
N229,8,Retailer7,Supplier1,6,3,2,2,2,2,8
N230,8,Retailer7,Supplier2,10,5,1,3,3,3,10
N231,8,Retailer7,Supplier3,6,3,1,2,2,1,6
N232,8,Retailer8,Supplier1,6,3,1,2,2,1,6
N233,8,Retailer8,Supplier2,6,3,1,2,2,2,7
N234,8,Retailer8,Supplier3,6,3,2,3,2,2,9
N235,8,Retailer9,Supplier1,6,3,1,2,2,2,7
N236,8,Retailer9,Supplier2,6,3,2,2,2,2,8
N237,8,Retailer9,Supplier3,6,3,2,2,2,2,8
N238,8,Retailer10,Supplier1,6,3,1,2,2,2,7
N239,8,Retailer10,Supplier2,12,6,2,2,2,2,8
N240,8,Retailer10,Supplier3,6,3,2,2,2,1,7
N241,9,Retailer1,Supplier1,18,9,1,3,3,2,9
N242,9,Retailer1,Supplier2,8,4,2,2,2,2,8
N243,9,Retailer1,Supplier3,8,4,2,2,2,2,8
N244,9,Retailer2,Supplier1,6,3,1,3,3,3,10
N245,9,Retailer2,Supplier2,6,3,1,2,2,2,7
N246,9,Retailer2,Supplier3,6,3,1,2,2,2,7
N247,9,Retailer3,Supplier1,6,3,3,2,3,2,10
N248,9,Retailer3,Supplier2,6,3,2,3,2,2,9
N249,9,Retailer3,Supplier3,6,3,1,2,2,1,6
N250,9,Retailer4,Supplier1,10,5,3,3,3,3,12
N251,9,Retailer4,Supplier2,6,3,2,3,3,3,11
N252,9,Retailer4,Supplier3,6,3,3,3,3,3,12
N253,9,Retailer5,Supplier1,6,3,2,3,2,3,10
N254,9,Retailer5,Supplier2,6,3,2,2,2,2,8
N255,9,Retailer5,Supplier3,6,3,2,2,2,2,8
N256,9,Retailer6,Supplier1,4,2,1,2,2,1,6
N257,9,Retailer6,Supplier2,6,3,2,2,2,2,8
N258,9,Retailer6,Supplier3,6,3,2,2,2,2,8
N259,9,Retailer7,Supplier1,20,10,3,3,3,3,12
N260,9,Retailer7,Supplier2,6,3,2,2,2,2,8
N261,9,Retailer7,Supplier3,6,3,2,2,2,2,8
N262,9,Retailer8,Supplier1,6,3,2,2,2,2,8
N263,9,Retailer8,Supplier2,6,3,2,2,2,2,8
N264,9,Retailer8,Supplier3,6,3,2,2,3,2,9
N265,9,Retailer9,Supplier1,12,6,2,3,3,2,10
N266,9,Retailer9,Supplier2,6,3,2,2,2,2,8
N267,9,Retailer9,Supplier3,6,3,2,2,2,2,8
N268,9,Retailer10,Supplier1,6,3,2,2,2,2,8
N269,9,Retailer10,Supplier2,4,2,2,2,2,2,8
N270,9,Retailer10,Supplier3,6,3,3,3,3,3,12
N271,10,Retailer1,Supplier1,6,3,1,1,1,1,4
N272,10,Retailer1,Supplier2,6,3,2,2,2,2,8
N273,10,Retailer1,Supplier3,8,4,1,1,1,1,4
N274,10,Retailer2,Supplier1,8,4,2,2,2,2,8
N275,10,Retailer2,Supplier2,6,3,1,2,2,2,7
N276,10,Retailer2,Supplier3,6,3,1,3,2,2,8
N277,10,Retailer3,Supplier1,6,3,2,2,2,2,8
N278,10,Retailer3,Supplier2,8,4,2,2,2,2,8
N279,10,Retailer3,Supplier3,8,4,2,2,2,2,8
N280,10,Retailer4,Supplier1,8,4,3,2,2,2,9
N281,10,Retailer4,Supplier2,6,3,2,2,2,2,8
N282,10,Retailer4,Supplier3,8,4,3,3,3,3,12
N283,10,Retailer5,Supplier1,6,3,2,2,2,2,8
N284,10,Retailer5,Supplier2,8,4,3,3,2,2,10
N285,10,Retailer5,Supplier3,8,4,2,2,2,2,8
N286,10,Retailer6,Supplier1,6,3,2,2,2,2,8
N287,10,Retailer6,Supplier2,4,2,1,1,1,1,4
N288,10,Retailer6,Supplier3,6,3,2,2,2,2,8
N289,10,Retailer7,Supplier1,6,3,2,2,2,2,8
N290,10,Retailer7,Supplier2,6,3,2,2,2,2,8
N291,10,Retailer7,Supplier3,6,3,2,2,2,2,8
N292,10,Retailer8,Supplier1,6,3,1,2,1,1,5
N293,10,Retailer8,Supplier2,6,3,2,2,2,2,8
N294,10,Retailer8,Supplier3,6,3,2,2,2,2,8
N295,10,Retailer9,Supplier1,6,3,1,2,2,2,7
N296,10,Retailer9,Supplier2,6,3,2,2,2,2,8
N297,10,Retailer9,Supplier3,6,3,2,2,2,2,8
N298,10,Retailer10,Supplier1,6,3,2,2,2,2,8
N299,10,Retailer10,Supplier2,6,3,3,3,3,2,11
N300,10,Retailer10,Supplier3,6,3,2,2,2,1,7
N301,11,Retailer1,Supplier1,8,4,3,3,3,3,12
N302,11,Retailer1,Supplier2,14,7,3,3,3,3,12
N303,11,Retailer1,Supplier3,8,4,2,2,2,2,8
N304,11,Retailer2,Supplier1,8,4,2,2,2,2,8
N305,11,Retailer2,Supplier2,8,4,1,2,2,2,7
N306,11,Retailer2,Supplier3,6,3,1,2,2,1,6
N307,11,Retailer3,Supplier1,6,3,2,2,2,2,8
N308,11,Retailer3,Supplier2,6,3,2,2,2,2,8
N309,11,Retailer3,Supplier3,12,6,2,2,2,2,8
N310,11,Retailer4,Supplier1,6,3,1,2,2,2,7
N311,11,Retailer4,Supplier2,12,6,2,2,2,2,8
N312,11,Retailer4,Supplier3,12,6,1,3,2,2,8
N313,11,Retailer5,Supplier1,6,3,2,2,2,2,8
N314,11,Retailer5,Supplier2,6,3,1,2,2,1,6
N315,11,Retailer5,Supplier3,4,2,2,2,2,1,7
N316,11,Retailer6,Supplier1,6,3,2,2,2,2,8
N317,11,Retailer6,Supplier2,10,5,2,2,2,2,8
N318,11,Retailer6,Supplier3,12,6,2,2,2,2,8
N319,11,Retailer7,Supplier1,6,3,1,2,2,1,6
N320,11,Retailer7,Supplier2,10,5,1,2,2,2,7
N321,11,Retailer7,Supplier3,10,5,1,2,2,2,7
N322,11,Retailer8,Supplier1,6,3,2,2,2,2,8
N323,11,Retailer8,Supplier2,8,4,2,2,2,2,8
N324,11,Retailer8,Supplier3,10,5,3,3,3,3,12
N325,11,Retailer9,Supplier1,6,3,2,2,2,2,8
N326,11,Retailer9,Supplier2,8,4,1,2,2,2,7
N327,11,Retailer9,Supplier3,8,4,2,2,2,2,8
N328,11,Retailer10,Supplier1,6,3,1,2,2,2,7
N329,11,Retailer10,Supplier2,12,6,2,2,2,2,8
N330,11,Retailer10,Supplier3,10,5,2,2,2,2,8
N331,12,Retailer1,Supplier1,14,7,2,2,2,2,8
N332,12,Retailer1,Supplier2,8,4,2,3,3,2,10
N333,12,Retailer1,Supplier3,12,6,1,3,2,2,8
N334,12,Retailer2,Supplier1,6,3,3,2,3,2,10
N335,12,Retailer2,Supplier2,8,4,2,2,2,2,8
N336,12,Retailer2,Supplier3,12,6,2,3,3,3,11
N337,12,Retailer3,Supplier1,4,2,2,2,2,2,8
N338,12,Retailer3,Supplier2,4,2,2,2,2,2,8
N339,12,Retailer3,Supplier3,12,6,2,3,2,2,9
N340,12,Retailer4,Supplier1,8,4,2,2,2,2,8
N341,12,Retailer4,Supplier2,6,3,2,2,2,2,8
N342,12,Retailer4,Supplier3,10,5,3,3,3,3,12
N343,12,Retailer5,Supplier1,6,3,3,3,3,3,12
N344,12,Retailer5,Supplier2,4,2,2,2,2,1,7
N345,12,Retailer5,Supplier3,8,4,2,2,2,2,8
N346,12,Retailer6,Supplier1,8,4,2,2,2,2,8
N347,12,Retailer6,Supplier2,8,4,2,2,2,2,8
N348,12,Retailer6,Supplier3,8,4,2,2,2,2,8
N349,12,Retailer7,Supplier1,10,5,3,3,3,3,12
N350,12,Retailer7,Supplier2,6,3,2,2,2,2,8
N351,12,Retailer7,Supplier3,6,3,1,2,1,2,6
N352,12,Retailer8,Supplier1,4,2,2,2,2,2,8
N353,12,Retailer8,Supplier2,8,4,2,2,2,1,7
N354,12,Retailer8,Supplier3,6,3,3,3,3,3,12
N355,12,Retailer9,Supplier1,8,4,2,2,2,2,8
N356,12,Retailer9,Supplier2,6,3,2,3,3,2,10
N357,12,Retailer9,Supplier3,10,5,2,3,2,2,9
N358,12,Retailer10,Supplier1,20,10,1,3,1,2,7
N359,12,Retailer10,Supplier2,8,4,1,2,2,2,7
N360,12,Retailer10,Supplier3,8,4,2,2,2,2,8
N361,13,Retailer1,Supplier1,6,3,3,2,3,3,11
N362,13,Retailer1,Supplier2,8,4,2,2,2,2,8
N363,13,Retailer1,Supplier3,8,4,2,2,2,2,8
N364,13,Retailer2,Supplier1,8,4,1,2,2,2,7
N365,13,Retailer2,Supplier2,8,4,2,2,2,2,8
N366,13,Retailer2,Supplier3,6,3,2,2,2,2,8
N367,13,Retailer3,Supplier1,6,3,1,1,2,1,5
N368,13,Retailer3,Supplier2,4,2,2,2,2,2,8
N369,13,Retailer3,Supplier3,6,3,2,2,2,2,8
N370,13,Retailer4,Supplier1,8,4,2,2,2,2,8
N371,13,Retailer4,Supplier2,6,3,2,2,2,2,8
N372,13,Retailer4,Supplier3,6,3,2,2,2,2,8
N373,13,Retailer5,Supplier1,6,3,2,2,2,2,8
N374,13,Retailer5,Supplier2,6,3,2,2,2,2,8
N375,13,Retailer5,Supplier3,6,3,2,1,2,1,6
N376,13,Retailer6,Supplier1,8,4,2,2,2,2,8
N377,13,Retailer6,Supplier2,8,4,3,3,3,3,12
N378,13,Retailer6,Supplier3,6,3,1,2,1,1,5
N379,13,Retailer7,Supplier1,8,4,2,2,2,1,7
N380,13,Retailer7,Supplier2,6,3,1,3,2,2,8
N381,13,Retailer7,Supplier3,6,3,2,2,2,2,8
N382,13,Retailer8,Supplier1,6,3,2,2,2,2,8
N383,13,Retailer8,Supplier2,6,3,2,2,2,2,8
N384,13,Retailer8,Supplier3,6,3,2,2,2,2,8
N385,13,Retailer9,Supplier1,8,4,2,2,2,2,8
N386,13,Retailer9,Supplier2,6,3,2,2,2,2,8
N387,13,Retailer9,Supplier3,6,3,2,2,2,2,8
N388,13,Retailer10,Supplier1,6,3,2,2,2,2,8
N389,13,Retailer10,Supplier2,6,3,1,2,2,2,7
N390,13,Retailer10,Supplier3,6,3,2,2,2,2,8
N391,14,Retailer1,Supplier1,6,3,2,2,2,1,7
N392,14,Retailer1,Supplier2,6,3,3,3,3,3,12
N393,14,Retailer1,Supplier3,6,3,2,2,2,2,8
N394,14,Retailer2,Supplier1,8,4,2,2,2,2,8
N395,14,Retailer2,Supplier2,8,4,2,2,2,2,8
N396,14,Retailer2,Supplier3,10,5,2,2,2,2,8
N397,14,Retailer3,Supplier1,6,3,2,2,2,2,8
N398,14,Retailer3,Supplier2,6,3,2,3,2,2,9
N399,14,Retailer3,Supplier3,8,4,2,2,2,1,7
N400,14,Retailer4,Supplier1,8,4,2,2,2,2,8
N401,14,Retailer4,Supplier2,8,4,2,2,2,2,8
N402,14,Retailer4,Supplier3,8,4,2,2,2,2,8
N403,14,Retailer5,Supplier1,6,3,2,2,2,2,8
N404,14,Retailer5,Supplier2,8,4,2,2,2,2,8
N405,14,Retailer5,Supplier3,8,4,2,2,2,2,8
N406,14,Retailer6,Supplier1,8,4,1,2,2,1,6
N407,14,Retailer6,Supplier2,8,4,1,3,1,2,7
N408,14,Retailer6,Supplier3,8,4,2,2,2,2,8
N409,14,Retailer7,Supplier1,8,4,2,2,2,2,8
N410,14,Retailer7,Supplier2,8,4,2,2,2,2,8
N411,14,Retailer7,Supplier3,6,3,2,2,2,2,8
N412,14,Retailer8,Supplier1,8,4,2,2,2,2,8
N413,14,Retailer8,Supplier2,6,3,2,2,2,2,8
N414,14,Retailer8,Supplier3,8,4,1,2,2,1,6
N415,14,Retailer9,Supplier1,6,3,2,2,2,2,8
N416,14,Retailer9,Supplier2,6,3,2,2,2,2,8
N417,14,Retailer9,Supplier3,8,4,3,3,3,3,12
N418,14,Retailer10,Supplier1,6,3,2,2,2,2,8
N419,14,Retailer10,Supplier2,4,2,2,1,2,2,7
N420,14,Retailer10,Supplier3,4,2,2,2,2,2,8
N421,15,Retailer1,Supplier1,10,5,3,3,3,3,12
N422,15,Retailer1,Supplier2,14,7,2,3,3,2,10
N423,15,Retailer1,Supplier3,14,7,2,2,2,2,8
N424,15,Retailer2,Supplier1,10,5,2,2,2,2,8
N425,15,Retailer2,Supplier2,12,6,1,2,2,2,7
N426,15,Retailer2,Supplier3,12,6,2,2,2,2,8
N427,15,Retailer3,Supplier1,8,4,3,3,3,3,12
N428,15,Retailer3,Supplier2,12,6,3,3,3,3,12
N429,15,Retailer3,Supplier3,6,3,2,2,2,2,8
N430,15,Retailer4,Supplier1,10,5,2,2,2,2,8
N431,15,Retailer4,Supplier2,6,3,2,1,2,2,7
N432,15,Retailer4,Supplier3,14,7,2,2,2,2,8
N433,15,Retailer5,Supplier1,10,5,2,2,2,2,8
N434,15,Retailer5,Supplier2,10,5,1,3,2,1,7
N435,15,Retailer5,Supplier3,6,3,2,2,2,2,8
N436,15,Retailer6,Supplier1,6,3,2,2,2,2,8
N437,15,Retailer6,Supplier2,12,6,2,2,2,2,8
N438,15,Retailer6,Supplier3,14,7,2,3,3,3,11
N439,15,Retailer7,Supplier1,10,5,2,2,2,2,8
N440,15,Retailer7,Supplier2,12,6,3,3,3,2,11
N441,15,Retailer7,Supplier3,10,5,2,2,2,2,8
N442,15,Retailer8,Supplier1,10,5,1,2,2,1,6
N443,15,Retailer8,Supplier2,6,3,3,3,3,3,12
N444,15,Retailer8,Supplier3,12,6,2,2,2,2,8
N445,15,Retailer9,Supplier1,6,3,2,2,2,2,8
N446,15,Retailer9,Supplier2,6,3,2,2,2,2,8
N447,15,Retailer9,Supplier3,4,2,1,2,2,2,7
N448,15,Retailer10,Supplier1,10,5,2,2,2,2,8
N449,15,Retailer10,Supplier2,10,5,3,3,3,3,12
N450,15,Retailer10,Supplier3,12,6,3,3,3,3,12
N451,16,Retailer1,Supplier1,8,4,2,2,2,2,8
N452,16,Retailer1,Supplier2,8,4,3,2,3,2,10
N453,16,Retailer1,Supplier3,6,3,2,2,2,2,8
N454,16,Retailer2,Supplier1,6,3,3,3,3,3,12
N455,16,Retailer2,Supplier2,8,4,2,2,2,2,8
N456,16,Retailer2,Supplier3,6,3,2,2,2,2,8
N457,16,Retailer3,Supplier1,6,3,2,2,2,2,8
N458,16,Retailer3,Supplier2,4,2,2,1,2,2,7
N459,16,Retailer3,Supplier3,8,4,2,2,2,2,8
N460,16,Retailer4,Supplier1,8,4,2,2,2,2,8
N461,16,Retailer4,Supplier2,6,3,1,2,2,2,7
N462,16,Retailer4,Supplier3,8,4,3,3,3,3,12
N463,16,Retailer5,Supplier1,8,4,1,2,1,2,6
N464,16,Retailer5,Supplier2,8,4,2,3,3,2,10
N465,16,Retailer5,Supplier3,8,4,3,3,3,3,12
N466,16,Retailer6,Supplier1,8,4,3,3,3,3,12
N467,16,Retailer6,Supplier2,8,4,2,2,2,2,8
N468,16,Retailer6,Supplier3,6,3,2,2,2,2,8
N469,16,Retailer7,Supplier1,8,4,1,2,2,2,7
N470,16,Retailer7,Supplier2,8,4,2,2,2,2,8
N471,16,Retailer7,Supplier3,6,3,1,2,1,1,5
N472,16,Retailer8,Supplier1,8,4,2,2,2,2,8
N473,16,Retailer8,Supplier2,6,3,1,2,2,1,6
N474,16,Retailer8,Supplier3,4,2,1,2,2,2,7
N475,16,Retailer9,Supplier1,6,3,1,2,1,1,5
N476,16,Retailer9,Supplier2,6,3,2,1,1,1,5
N477,16,Retailer9,Supplier3,6,3,1,2,2,1,6
N478,16,Retailer10,Supplier1,8,4,2,2,2,2,8
N479,16,Retailer10,Supplier2,6,3,2,2,2,2,8
N480,16,Retailer10,Supplier3,6,3,2,2,2,2,8
N481,17,Retailer1,Supplier1,8,4,3,3,3,2,11
N482,17,Retailer1,Supplier2,6,3,2,2,2,2,8
N483,17,Retailer1,Supplier3,8,4,2,2,2,2,8
N484,17,Retailer2,Supplier1,10,5,2,2,2,2,8
N485,17,Retailer2,Supplier2,8,4,2,2,2,2,8
N486,17,Retailer2,Supplier3,8,4,2,2,2,2,8
N487,17,Retailer3,Supplier1,10,5,2,2,2,2,8
N488,17,Retailer3,Supplier2,6,3,2,1,2,1,6
N489,17,Retailer3,Supplier3,8,4,3,2,2,2,9
N490,17,Retailer4,Supplier1,12,6,3,3,3,3,12
N491,17,Retailer4,Supplier2,6,3,1,2,2,2,7
N492,17,Retailer4,Supplier3,6,3,3,2,2,2,9
N493,17,Retailer5,Supplier1,8,4,2,2,2,2,8
N494,17,Retailer5,Supplier2,6,3,2,2,2,2,8
N495,17,Retailer5,Supplier3,6,3,2,2,2,2,8
N496,17,Retailer6,Supplier1,10,5,3,3,3,3,12
N497,17,Retailer6,Supplier2,6,3,2,2,2,2,8
N498,17,Retailer6,Supplier3,4,2,2,2,2,1,7
N499,17,Retailer7,Supplier1,10,5,2,2,2,2,8
N500,17,Retailer7,Supplier2,4,2,3,2,2,2,9
N501,17,Retailer7,Supplier3,4,2,1,2,2,1,6
N502,17,Retailer8,Supplier1,10,5,1,2,2,2,7
N503,17,Retailer8,Supplier2,6,3,2,3,2,2,9
N504,17,Retailer8,Supplier3,6,3,2,2,2,2,8
N505,17,Retailer9,Supplier1,6,3,1,3,1,1,6
N506,17,Retailer9,Supplier2,6,3,3,3,3,2,11
N507,17,Retailer9,Supplier3,6,3,2,2,2,2,8
N508,17,Retailer10,Supplier1,10,5,2,2,2,2,8
N509,17,Retailer10,Supplier2,6,3,2,2,2,2,8
N510,17,Retailer10,Supplier3,4,2,2,2,2,2,8
N511,18,Retailer1,Supplier1,6,3,2,3,3,3,11
N512,18,Retailer1,Supplier2,6,3,2,2,2,2,8
N513,18,Retailer1,Supplier3,6,3,2,2,2,2,8
N514,18,Retailer2,Supplier1,6,3,1,2,2,2,7
N515,18,Retailer2,Supplier2,8,4,2,3,1,2,8
N516,18,Retailer2,Supplier3,10,5,2,2,2,2,8
N517,18,Retailer3,Supplier1,6,3,2,3,2,2,9
N518,18,Retailer3,Supplier2,6,3,2,2,2,2,8
N519,18,Retailer3,Supplier3,12,6,1,3,1,3,8
N520,18,Retailer4,Supplier1,6,3,1,3,1,1,6
N521,18,Retailer4,Supplier2,10,5,3,3,3,3,12
N522,18,Retailer4,Supplier3,8,4,3,3,3,3,12
N523,18,Retailer5,Supplier1,6,3,3,2,3,3,11
N524,18,Retailer5,Supplier2,8,4,2,2,2,2,8
N525,18,Retailer5,Supplier3,10,5,2,2,2,2,8
N526,18,Retailer6,Supplier1,6,3,2,2,2,2,8
N527,18,Retailer6,Supplier2,4,2,1,1,1,1,4
N528,18,Retailer6,Supplier3,6,3,2,2,2,2,8
N529,18,Retailer7,Supplier1,6,3,2,2,2,2,8
N530,18,Retailer7,Supplier2,10,5,1,2,3,2,8
N531,18,Retailer7,Supplier3,6,3,2,2,2,2,8
N532,18,Retailer8,Supplier1,6,3,2,2,2,2,8
N533,18,Retailer8,Supplier2,4,2,2,2,2,2,8
N534,18,Retailer8,Supplier3,4,2,1,2,2,1,6
N535,18,Retailer9,Supplier1,6,3,2,3,3,2,10
N536,18,Retailer9,Supplier2,10,5,2,2,2,2,8
N537,18,Retailer9,Supplier3,10,5,3,3,3,3,12
N538,18,Retailer10,Supplier1,6,3,2,2,2,2,8
N539,18,Retailer10,Supplier2,10,5,2,3,2,2,9
N540,18,Retailer10,Supplier3,6,3,2,2,2,2,8
N541,19,Retailer1,Supplier1,8,4,1,2,2,1,6
N542,19,Retailer1,Supplier2,8,4,1,2,1,2,6
N543,19,Retailer1,Supplier3,18,9,2,3,3,3,11
N544,19,Retailer2,Supplier1,8,4,2,2,2,2,8
N545,19,Retailer2,Supplier2,8,4,2,2,2,2,8
N546,19,Retailer2,Supplier3,18,9,2,2,2,2,8
N547,19,Retailer3,Supplier1,8,4,3,3,3,2,11
N548,19,Retailer3,Supplier2,8,4,2,2,2,2,8
N549,19,Retailer3,Supplier3,8,4,2,2,2,2,8
N550,19,Retailer4,Supplier1,8,4,2,2,2,2,8
N551,19,Retailer4,Supplier2,6,3,2,2,2,2,8
N552,19,Retailer4,Supplier3,12,6,2,2,2,2,8
N553,19,Retailer5,Supplier1,6,3,3,1,3,3,10
N554,19,Retailer5,Supplier2,8,4,2,2,2,2,8
N555,19,Retailer5,Supplier3,8,4,3,3,3,3,12
N556,19,Retailer6,Supplier1,8,4,2,2,2,2,8
N557,19,Retailer6,Supplier2,8,4,3,2,3,2,10
N558,19,Retailer6,Supplier3,10,5,3,3,3,3,12
N559,19,Retailer7,Supplier1,8,4,1,2,2,2,7
N560,19,Retailer7,Supplier2,8,4,2,2,2,2,8
N561,19,Retailer7,Supplier3,14,7,3,3,3,3,12
N562,19,Retailer8,Supplier1,6,3,2,3,2,2,9
N563,19,Retailer8,Supplier2,6,3,2,2,2,2,8
N564,19,Retailer8,Supplier3,8,4,2,2,2,2,8
N565,19,Retailer9,Supplier1,6,3,2,2,2,2,8
N566,19,Retailer9,Supplier2,6,3,1,2,2,2,7
N567,19,Retailer9,Supplier3,6,3,2,2,2,2,8
N568,19,Retailer10,Supplier1,6,3,2,2,2,2,8
N569,19,Retailer10,Supplier2,6,3,2,1,2,2,7
N570,19,Retailer10,Supplier3,6,3,2,2,2,2,8
N571,20,Retailer1,Supplier1,8,4,2,2,2,2,8
N572,20,Retailer1,Supplier2,10,5,1,2,2,1,6
N573,20,Retailer1,Supplier3,8,4,2,2,2,2,8
N574,20,Retailer2,Supplier1,4,2,2,1,1,1,5
N575,20,Retailer2,Supplier2,8,4,3,3,3,3,12
N576,20,Retailer2,Supplier3,8,4,2,2,2,2,8
N577,20,Retailer3,Supplier1,6,3,1,2,1,1,5
N578,20,Retailer3,Supplier2,6,3,2,2,2,2,8
N579,20,Retailer3,Supplier3,8,4,3,3,3,3,12
N580,20,Retailer4,Supplier1,8,4,2,2,2,2,8
N581,20,Retailer4,Supplier2,8,4,2,2,2,2,8
N582,20,Retailer4,Supplier3,8,4,2,2,2,2,8
N583,20,Retailer5,Supplier1,4,2,2,2,2,1,7
N584,20,Retailer5,Supplier2,4,2,2,2,2,2,8
N585,20,Retailer5,Supplier3,6,3,3,3,3,3,12
N586,20,Retailer6,Supplier1,6,3,2,2,2,2,8
N587,20,Retailer6,Supplier2,8,4,2,2,2,2,8
N588,20,Retailer6,Supplier3,6,3,2,2,2,2,8
N589,20,Retailer7,Supplier1,6,3,1,2,2,1,6
N590,20,Retailer7,Supplier2,6,3,2,2,2,2,8
N591,20,Retailer7,Supplier3,6,3,1,2,2,2,7
N592,20,Retailer8,Supplier1,8,4,2,2,2,2,8
N593,20,Retailer8,Supplier2,8,4,2,2,2,2,8
N594,20,Retailer8,Supplier3,6,3,2,2,2,2,8
N595,20,Retailer9,Supplier1,8,4,2,2,2,2,8
N596,20,Retailer9,Supplier2,6,3,2,2,2,2,8
N597,20,Retailer9,Supplier3,6,3,2,2,2,2,8
N598,20,Retailer10,Supplier1,6,3,1,2,2,1,6
N599,20,Retailer10,Supplier2,8,4,1,2,1,2,6
N600,20,Retailer10,Supplier3,6,3,1,2,2,2,7
